name,user_id,group_id
klijr,UMAA7BAWCX,
rdkkx,UNT1TB38UE,
vbvba-group,UGWVN4CYUS,
izjhs-group,UAF2ALPIVI,
iwiin,U9YMPEATOL,
udhcp,UM6DUPQ3MZ,
szcvu-group-created,UVBAGY4BTZ,
vzsln,UIPE0MLTVK,
tfylh-group-created,U6EGG4AXJQ,
tusgj-group-created,ULHCRG0UFC,
awwyf-group-created,UAEYIIXWTY,
cpdsn.group,UYH4TKVK7B,
xiqed.group,US82B4XGG6,
tnoav.group,UVD63HG7QD,
qpmop,UTBJCAZQ6Q,
xvmhp,UPUHD7G9U8,
mffhn-group,UXF8LW2NE6,
ehvnq.group,UQ1NDZWJRQ,
nijoq-group,UAXLL1FCDF,
mbepi,UOJDSUTTR0,
xbmzm,USAUI3IQCG,
fvljz,UNO4BZHY0A,
eychh.group,USBBM2WGWP,
klwoz-group,UR11BAZERZ,
vhibi-group-created,UFPJU5KZRR,
ydxcv.group,UR3IMGYKGJ,
bdjwu-group,UY8YNCP7E9,
bdkao,UFB83P8KQ3,
bscqx-group,U1DKZMLHIL,
nmvdh-group-created,UA8N6SJFFG,
hgeuk.group,UTCYBLMV67,
rtdtq,UR6PGNMMP9,
uzxbf-group,UZR0THCEZ7,
omnfo-group-created,UDUXMNLY46,
ffreq-group-created,UBPS3GQCIG,
ajzjj,UY6MHEEAKQ,
vttpg,UKEALBOWZK,
utoik,UX2UGJQVVI,
dfbxu-group-created,UFJAHWQ7SR,
heyfd,UB6RQHN0MO,
pomhk,UAVHOCHNMV,
fvnkr,U8VEHDN0TX,
hbqvq,U6A6ZM2NS2,
bcynq-group-created,U34PBYNOLY,
dcise.group,UBN1EILZQP,
brhnh.group,UM3PKSBYW4,
dhdvy-group,UFRRQMVCTJ,
karjl,U3W6MS6SAL,
bpkkt,USK41RSTZN,
zjvna,UWQOSNE5AZ,
xfqel,US3HBIADCM,
netzu-group,UNDO4UFGAH,
rcung-group-created,UE879AN0XI,
mehtn,UCJWDX3ZD9,
xqkdo-group,URKNVWJHBF,
jbunx.group,U7UUBOPVTP,
hmpdj,UU3OMGP0P9,
mbumm.group,UCZVHTYZ6D,
pstrr-group,U6Y6DWSDAP,
vxquz,UKZJIH90BQ,
ydqhv,UJGWMCNHKF,
lqkkm.group,UCP2C5HC62,
hmihu,UN9OFDSHB3,
ztiip,URCTGWOKU1,
lcucf-group,UJGTIPRLMC,
vjyfv.group,UWPX5FKOUY,
bzjtb.group,UKVGX0Z1QZ,
xmqsi,UIL3Z2SBEM,
ilzmm,UMK7GLS5DD,
sxmnx,UBTG1GUDR9,
zarbw,U0RCIHZW8Z,
yzasf-group,U9NBBNRQ0M,
piprz-group,UL7KYAAE1T,
fxxgh-group,UQVHYH2R4A,
rxgyl-group-created,UJM6I5SG3E,
dgcif,U1BHO3MSS5,
aidgu-group,U9EYQJMLCG,
jkblh,UQTFB7Y9T5,
ssilq,UZRK3M2VNW,
uswpw.group,UNQWSK9R0E,
jorcf,ULUASYBZBX,
admlc,US9GJ2Y1XO,
xmsbf-group-created,UEGQYXCUGC,
mrngg,U0YNLNUQGL,
rnvwx,UFJTMDSRFI,
ffqzj-group-created,U1WZWXUFMN,
mhltj-group-created,UXELPDV0T0,
fpcyi,UGVBQD54W6,
ftceh-group-created,UNDQQZSGQ6,
ckwcj,UPW112UUC2,
omkny,UFU5JTR1T9,
gysiy-group-created,U8IIEM4USV,
wxxco-group-created,UMQS2TDI8J,
jcaxk,UIQHONTEUJ,
gtzql,URZ7UFANDU,
kfazo.group,UYYH7N4I0K,
vfawu,UJGMVJG2HZ,
wsnqn,U2XRH0YANW,
xuawm,UPBB4NLGJF,
uborw.group,UDL8FFXRV3,
zxtjb.group,UNPQOHFYG7,
gccxj,UO0SVUJUN4,
nexhv,UKCPBPO8HN,
ekscw,UXRPVJFOF4,
lbzxv-group,USCYCHME07,
axtos,USLT4CRJUB,
pngol-group,UZVNQVJTPB,
ukbhl,UDISCZZVLC,
uftri.group,UBRZS61YLW,
fyfme-group,USGL4WQFZB,
vwhmy-group,UMESCRS3YS,
ngzth.group,U0M5HFCY24,
xvrev,USZGHZNLAK,
ftnro,UKXJ4Z4MCA,
pooss,UWTZQWRMBC,
eidxh-group-created,UHQB3L4GPN,
dwdeg,U5YF7TVHFR,
vdebp,UBEDFDD3PS,
xslcp,UPLSTEZUCK,
knrcg,UWUZRENKMJ,
tjnwb.group,UATXVCJBPQ,
opbvn,ULSY7ZQSMV,
gxpqo-group,UYSHD6R6W7,
ojxpt-group,U4PDSGZWNL,
iaywj,UAGRTHLAVG,
bxmts,UOLODDFTTD,
nvhnr.group,UDCEHQJI1Z,
nsqem,UNIY8KURX5,
idowh.group,U1FOXKUKOE,
vvjzt,UUHQ70M77X,
tadpl-group,U0OAAFVHQK,
ydfsj-group-created,UBUOWGLC6H,
yqnzq.group,UGLYZ8WPGK,
opocl-group,UDV2QIXGDX,
zixxx,U8KNFBQPLJ,
nelsl,UGGYJNNJMI,
odhno,UJRTNRELGR,
aijwu,UPVDXVBJKS,
otcvi.group,UBQDJILOOR,
dgqox-group-created,UWRCSKSJVC,
lusic-group,UBF1DYLFAI,
ihuwh-group,U3FCTN7GON,
fxcce,UO6LDWMUD9,
kesis,UNNT8JTLOD,
bprql,U3T4TF68DD,
jceuk,UB5LZCPNQA,
rihtn,UD7U2APZKZ,
xrctr.group,UOCYFSWYQL,
zpzpa-group-created,UG0IDID4G4,
csfce-group,UHSY0JFXQI,
fuxth,U8NEMUTX80,
ptyhr.group,UXKGH92MQF,
dcdgs-group,UZJ1ALCMUI,
hqlaj,UNLZ98WNEC,
qpwyd.group,UVY2QTUAKZ,
ttyjr,UZQ3NFV90G,
qbrmh-group-created,UJJSQQM6EB,
slkkx-group-created,UJ3GCV7OE7,
vtvxw,UVIHHTIKII,
wawsl-group-created,UCXXQXGIXL,
wtdoo,U6WRUZDG0T,
gdxbx-group,UPTIKSTRQN,
rqtiw-group,UT7SBOUPCX,
fwdxo,UT4P5IFOWY,
iqoui.group,UIMXOJZU8V,
yzjdf-group-created,U0OHQJR1EY,
exzez,UMHKRXKTDK,
putbc.group,U1IO9R11V7,
vxtwe,UMNHKQEWH0,
biykv-group,US5QVQJNC9,
htplv,UUA07ARWEM,
dwnee,U5HJHRPNCZ,
dfpet-group,UNJBSTRBZP,
lpovl,UKQVGCOWGF,
tqips.group,UWKY5OYPBU,
bjeif,UNVVNQGELO,
qseli,UOQQYU5GGN,
vxrkl.group,USN9307GG6,
iisip-group-created,UMURVX6G2G,
jtsav.group,UD5XDIUSSD,
wvjhq,UID3SB0IPF,
zkuda.group,UXPJAXAKTI,
jknka-group,UWHGRKKYTX,
yiwxu.group,UIK7PVYRPW,
ovclc.group,UARK67SULD,
pmbzp,UDRAZJ2SS0,
lnqtu.group,UZVVRK23ZA,
zeaks.group,UWA9RNHKYU,
fvyes,UK6UPXWXGZ,
cxycn-group-created,UTVPY2HWXV,
mydai.group,UKTJPMANXQ,
mlhyk,UMTFA6MLGK,
voaka-group,UPIZGIZDA9,
dvemq,"UNFIVSJL6V,U4UWZVTXYV,UG7B6D4ERD",I3KZL5HE6
hhlvu,"UM0SYQROJN,UNGTD7H3QZ,UFSZHDK4Z5,U9YO8QC0SJ,UJP7UQZLX9",7K5LRJXPR
cswum.group,"U6VT2GOADV,UWAH1SXNAL,UBGEAWHQYS,UPHQ1QWSJQ,UEKWAERQB9",AQTFAU6IH
vaikt-group-created,"UX6X0MPMZT,UCLWC4FKOH,UQ8PAWW7QK,UWQJK6BIDV,UZ7UVNZLHX,UNTOMKDJBZ,UIZZNMJTKZ",C2H01FL18
rhdbg,"UMHZDK7EY9,USGANQXXSO,UMIW98VANR",FK4A5B8O3
vtjrp-group-created,"U0GLE81VMP,UDYX0KSZM9,UXLH9XBCQG,ULAV6UNJNQ,UQZY8ECWRI,UKYIMATLST",G0147F2P3
jjcoy,"UDGKCX4MFL,UPAHKMMKFM,UDUMDERRCF",2M1CQ0WPZ
ezjga,"U1LPWVMS4X,UJPF3HWTNT,ULVGLTJXLP,UFFH5FZNFQ,UAS4JESGKT,URVKCNDZDD,UVRV8UUVYW,U0OVTW0ZH2,UE693CQDS3,U9E5KV7Q63",C0MKX3K45
jhqmw-group,"UJX6TZT34W,URE29N8CF0,UNXFPJF7SK,USZDTXNPNC,UJJBDRJVG5,UAKCCZLQAI,UHOLFZDIJ4,UVQHEWLZVY",7JHNYN76M
qirlc,"UXX2PGH71T,U3W3W0TIOL,U0AOBAX6PK,UYPOCYROMM",Z98NGLM8F
hkoms,"UFDWS6JLL3,UHJAWYI8D7,UGPRC2XZQ3,UHDKN1KGNQ,UCGWVYDMUV,ULWCBPAU87,UF4MER5WRN,UOR2CY3RAD,UUMDLGGBMC",WW3JYJW4V
lxftx,"U03JCWP9ZP,UQMD49QINN,UKCHR4TGII,UI3TVHLJCG,UIUJOECL4D",01ZLJFFRL
lhqof,"UCWHOPVCS0,UXGGRYSUDB,UDHLJWZZS2",LYHS3VXHI
ssndj-group-created,"UZ3PUCSELG,UCIJKQDXGD,UHLE9LNBOB,UE0D3S5YCR,UXTL9IZM5T,U03KCXDRUV,URHUDNSYPP,UONR7DL9KU",PLUFCMRFR
iroku-group,"UNDAGL0UUM,UJC03VLB1X,UODX1YBLFX,UELGRG8UGO,U0TWWZ7O6P,UINIXKZ1XT,URVFQ8GCO4",7R2O0N3GO
vxlqc,"UEKNOMCTIH,UN9SV0BN1B,UJHAJ4SMGZ,UWCTGSSI2L,U3WOAUIEZ2,UCY7V1RSKO,UDCYCI8RVT,USVBOFDB1N",RH9VOWXWB
sswcg-group,"U6SOQ4K2PX,UDIUAJOG8V",XCJDYZ7GI
lexpc,"UCTRSV9VXY,UBXTPJPHV6,UKEOQCQZE6,UZEL6OEXNR,UZKF68AHB7,UGSL9QOP2K",SKSMZH7FO
gsijr-group-created,"UT6UJE16JC,UXD49FSABJ,UDSSDIHAXW,UEAFO4W8H1",MFKMYMUKY
slsdh,"UPCFNB6IRN,UIQ5SZKQG8,U1JCEBVXZC",2W8SOQZ3R
itgpk,"U1T4L39CSI,UBVPJBKEP2,UOJKHLM9XH,UYCUCMAS6U,UJYOPHESI3",JVA48ZK3W
tgqoe,"UJJ2REFZPG,U8KNBQ7YAL,UKNLS0K6OP,UQUOYXAEJR,UPEWQTF5FC,UVJOT4UOSK,UEEK03NJR3",WJSUIMK2R
qkajb-group,"UDMHFNLTRI,UD6BGXMGKI,UPS9VOBCYI,UD3LV5DO0O,UMIWZ0CEAX",XJC9MPB2S
jnlxd,"UBCLLRCZHG,UXYWGOAJCX,UTB16YUXQ1,UI8P7RNVKB,UWV3WWKEEL,U5QXTBFYZU,UZV3MAGWVV,URWZFRMYAA,UBKTGRSSXV",E3YQ1PDZY
bmvqw-group,"UV6LG5CREL,UCKKR9T6I5,UAYMAZUWOT,US0ZJO1CRW,UCGBOPOOKL,UK9AFFZ91E,UXYYRVKKSZ,UFEKEPMG6S,UXJVWFAFIG,UJYEHSCZZH",Q2KW08U2V
lpylv-group-created,"UF4PZW2AH7,UZL0VWJVBG,UC6PFEIEQW,UHETG3TGLB,U6PIGVYY9B,UVN0XRVS2J,U1NOZDQBZZ,UZDY0ARLF7,UCDDLZXU3V",7UIBQ2TU2
ibobo-group,"UC5MHNRAW0,USKJSVYSG6,UCHPTHZ8SD,U5WOMCIEU2,UVA8TBNVNB,UPGNJZTDJ5",BO3TJSBCS
kpaxo,"UIO9UTOFDZ,U3L2MKZCKU,UCROIZRNEF",UFK6FPD68
ewvpp.group,"UACALDE3LB,UAWAZ7AIIY,UV8Q46GWWM,UK0BHYS4WR,UEBGPFU2MN,UZNJAWRHCD,UABELICEKF",AVQMAXJSD
mqsnf,"UTRAUC1BFW,UZ9F7GLCSG,UEUTPRAJSO,UK4F65O00P",K51M4BX80
ncgny,"UYMSE6T4XI,UOQFSB9GUF,UNLFID3C4V,UERLZ37GZS,U1ZZRUVL1Y,UEQJDZK6UP,UY4YD4S19J,U7INXAYDFO,UOEDA2BABY,UDAVMHOYQG",Q12TACKMR
hxgsg,"U70VLRNQ1P,UDY6MUXUEG,UCNOONPCCS,U9WTSCPT2M,U8HH4QKX9G,U4OCTVIFYE,UXO2TXTYYR,UTATQJ0UOT,UOFDYRW8WR",DBIYACCZM
ppmsw,"UNCXERRWYK,UDXYPMR8MQ,UKML5QPSH0,UMTH1RWSHI,U8NPHRFWBM,U7Z5KSOBQN",LZJPLGGFX
yuqus-group-created,"UDPGLAXKSQ,UHHVTGQEOU,UXQXR4RJ5I,UO991HER5S,UTELGIQHIQ,UATDCZKG9I",8G1A7SNH3
zkuhf.group,"UJFCV08SZ5,UQNRY393SA,UZSNTXAW47,U3LJRYQJLP,US5GDY36WV,UJEOKGAJZP,UWYDNHQSYG,UFPLEGG3UW",6FV49BR1J
kiphc-group,"UEY8YXBWMK,UTDWEQG3UY,UUDERWX57Z,UCVNZ7AOQM,UPXJ1Y4IJR,UPOBJKYPIE,UVQMVOX2EE,U28CT5CTRL,U0WHGO84LZ,UF8SVIIF9K",3SMTLPGO7
kxolv.group,"U7GOZYAQKC,UCVENOQILC,UE7WREKW5H",9HJZ07QTA
pmxka,"UA5HZCJLRG,UGXVNTHVKI,UJ19JNSXPE,UEUFENIIZN,UT4NZLX9B9,UXRB9XOVGE,UPXDSIILPT",S2WURTQBK
ufoft-group-created,"UDGCCUME3B,UK1IDLGUTZ,UCFXSFTCQG",I1C5DCI8V
qzzfa,"UAFWTEQVDJ,UDPSKKZJ9Y,UASTZ80T8F,U4REBWKNS9,UOEXPQWJGL,UTHCXE0W30",Q7CP5HARM
mcrng-group-created,"UQDRHFHFB4,ULQ9ZYYTDQ,UNDVZ2YMBA,UJTZXMPRH2,UYZETXACFK,UOBGV6FEJ8,UPTCNZLIGF,UTCHUD9HXL",ULBD62K8W
bvslc.group,"U16DFK9EYE,UEDYONYZL8,U3H9O5Z2YL,UIOJPUHRHX,U7WKNK5OKO,UH7Q6NSDIV,U6RQJ9EMAT,UFLI9UREYT,U5RQX8FUIE",VN0G8LC0I
jqxzv,"UVBBK3KYGU,UFCRJ51PCI,UXLTZDYWXX,USERQJOROJ",ZM6Z7IP7O
drxck,"UNDHRAVE0F,UXD2EF4I3I,UV5JHLLI6P,UIJ29I00VA,UQWGSUE761,UEKPJMEOYV,U5Z9O3VUAF,U8KOL2XJTV,U5GTBDOESV",JIFXJ69KI
doxwv-group-created,"US1BXGSAVJ,UOX7SYAZXC,UQIQOFLFN4,UUFYDGLMEX,UU5FOJ7ZCL,UAMOOJAQR7,UMZ1R5QHY8,U8UZNXOGJB,UD4EIGA3KM,UTOK7L8R6K",MP0BMMYG8
jghwt,"UVPX6B7CF9,UPIDIAPNBA,UVASXGQZQJ,UQH8GEVKF4,UBZTNCLYFQ,UFHJB5A7CK",SPYM7I27O
jzrvf,"UAVAV9TJGB,U55DQDPVWA,UVZNA7GFEP",2JZTQ2EKL
cyzbi-group-created,"UMGMXTCWHQ,UNDP4AQZEA,UPP7IWZBGE,UKXK6RSYFY",A0DSX5Z4E
qtfqo,"UTDLO6IMCJ,UUACJK7ZIR,UDBEMP2ARN,UX9A7LPSQO,UWNUTNQJAT,UH4KFZMHL6",Z7DIZDRTB
jysus,"UII6IKLKHT,UBZU5Q8OQY,UWXLJKSAPU,UCPQYUPOF1,U30V9DORCP,UZCGQCRLYN",LHE8CJ6EY
